Feature,Importance
Feature 1810,0.023429079063195492
Feature 1452,0.02204797728795691
Feature 491,0.021929314778548915
Feature 708,0.021162455164722198
Feature 489,0.01593509051884705
Feature 1367,0.013603573597474812
Feature 1645,0.012431034548866182
Feature 329,0.010299991356929526
Feature 1157,0.008823572199299494
Feature 1366,0.008675456331967727
Feature 1152,0.00855831060660721
Feature 378,0.00844608936215679
Feature 1226,0.00797667086614568
Feature 1181,0.007939675763247245
Feature 794,0.0072621922522972835
Feature 1970,0.006439972152246099
Feature 579,0.006349288559295012
Feature 1581,0.006230461861495592
Feature 191,0.0059831739037345165
Feature 1357,0.005762502734571782
Feature 875,0.005267521793802759
Feature 1097,0.00522019882748135
Feature 959,0.005211292107310678
Feature 161,0.005067083562605052
Feature 1582,0.00504726580291927
Feature 694,0.004803270579294802
Feature 888,0.004733755805126841
Feature 673,0.004670284595798842
Feature 1480,0.004429192141367947
Feature 780,0.004050401349760266
Feature 703,0.003784554844820757
Feature 935,0.003587603663184075
Feature 1855,0.0035376243751350615
Feature 1384,0.0034096876071206565
Feature 1535,0.003353824379850693
Feature 555,0.0032792636999176617
Feature 1602,0.0031091830374901917
Feature 1912,0.0029934280063239906
Feature 896,0.002914192314897522
Feature 695,0.0028865052601273174
Feature 652,0.002845100490498031
Feature 926,0.0028306160158073535
Feature 335,0.002811070986182767
Feature 1077,0.0027919875764877227
Feature 1722,0.0027572098041518524
Feature 80,0.0027514552989601946
Feature 561,0.0027314117772788056
Feature 881,0.0027139729140083432
Feature 1928,0.002672263642855352
Feature 407,0.002647491424439899
Feature 1816,0.0026067131786207958
Feature 1019,0.0025877930130330734
Feature 420,0.002547806027472781
Feature 841,0.002421525318696217
Feature 249,0.002412360101189829
Feature 747,0.0023888281907645035
Feature 1039,0.002383005428392156
Feature 1917,0.002370522785835044
Feature 1866,0.0023671662341470095
Feature 843,0.0023510124565966424
Feature 1088,0.0022759058011787947
Feature 1405,0.0022643000951916687
Feature 1224,0.0022530393175467615
Feature 94,0.0022209371577188945
Feature 1058,0.002215624701095881
Feature 1617,0.0021909152267357594
Feature 1443,0.0021893368683691223
Feature 1114,0.002147407274819719
Feature 687,0.0021212931130839196
Feature 699,0.00211814033712462
Feature 2033,0.002089085565245369
Feature 1825,0.002077941806325443
Feature 1631,0.00206941957877882
Feature 1465,0.002029137267855074
Feature 718,0.0020114622686699503
Feature 969,0.0019922302412379396
Feature 366,0.0019913860107880032
Feature 1101,0.0019897934138804344
Feature 1648,0.0019614381607241937
Feature 272,0.0019548483172544986
Feature 485,0.0019504366518697058
Feature 1199,0.0019457055582655222
Feature 1524,0.0019244518393266325
Feature 1171,0.001921643339000023
Feature 1910,0.0019109783182264166
Feature 693,0.0019046642066960053
Feature 1683,0.0018733611853268635
Feature 1951,0.0018569282706684084
Feature 1043,0.0018500887562119038
Feature 207,0.0018189535843719212
Feature 322,0.0017897094375181625
Feature 389,0.0017894229107478293
Feature 1099,0.0017844988717829887
Feature 14,0.0017681461845929954
Feature 377,0.0017545424167236426
Feature 233,0.001750013412766719
Feature 1160,0.0017459550815023912
Feature 1691,0.0017376275819222856
Feature 650,0.0017157433477058594
Feature 65,0.0016987718853031196
Feature 45,0.0016960814505876055
Feature 458,0.0016853364306908271
Feature 1536,0.0016676892293551416
Feature 766,0.0016630524616488686
Feature 2018,0.0016604805960450742
Feature 2004,0.001644039241350985
Feature 1163,0.001600772625649056
Feature 656,0.001584062172401677
Feature 1501,0.0015742811223194435
Feature 323,0.0015607619775641509
Feature 1508,0.0015569016874624126
Feature 1325,0.0015558053464907295
Feature 381,0.0015521838908245382
Feature 1754,0.0015492816455399605
Feature 1573,0.0015418574199413451
Feature 314,0.0015275526632402912
Feature 787,0.0015171376530306326
Feature 1696,0.0015147579745247958
Feature 974,0.0015144672109696803
Feature 1385,0.001505012939307448
Feature 352,0.001497754905682937
Feature 807,0.0014877227070566883
Feature 294,0.0014846905694550453
Feature 2009,0.0014779192043599672
Feature 803,0.0014712121082902417
Feature 486,0.0014580024991144387
Feature 909,0.0014575500772304594
Feature 1236,0.0014545026420297498
Feature 1745,0.0014384625431523859
Feature 1985,0.0014370290049285197
Feature 1758,0.0014237286706618646
Feature 56,0.001422321905976906
Feature 192,0.0014153718696930588
Feature 1795,0.0014025876499992353
Feature 1989,0.001388565394945069
Feature 736,0.001383922159733608
Feature 1563,0.0013756349259391519
Feature 1991,0.0013714677039908826
Feature 361,0.001362981148873934
Feature 1670,0.0013609365376078873
Feature 1066,0.0013586912244596377
Feature 1665,0.0013451193596700588
Feature 1324,0.0013319509901984943
Feature 1245,0.0013273223034667653
Feature 629,0.0013239713794815633
Feature 1984,0.0013201600233014442
Feature 471,0.0013194526860583452
Feature 184,0.0013008670380613974
Feature 544,0.0013000287003747475
Feature 1518,0.0012888732226505975
Feature 1110,0.0012853483204439786
Feature 961,0.001284418042805215
Feature 859,0.001281542838796266
Feature 235,0.0012735634029577545
Feature 950,0.0012523461210504538
Feature 1310,0.0012443388399599954
Feature 1057,0.0012440521215742887
Feature 114,0.0012383813845297693
Feature 1145,0.0012350077794772093
Feature 1905,0.0012249807024262709
Feature 1783,0.0012198271750209213
Feature 1131,0.00121461014350582
Feature 806,0.0012092220803976389
Feature 541,0.0011997618546370449
Feature 1410,0.001195645581403592
Feature 1457,0.0011886798364875721
Feature 261,0.0011803567734838493
Feature 1191,0.0011796212026428284
Feature 554,0.0011720756436532963
Feature 1712,0.0011551495963327287
Feature 1013,0.0011547646131761901
Feature 1459,0.001150956622527411
Feature 675,0.0011350106880938075
Feature 409,0.0011331747653769355
Feature 526,0.0011289338128920197
Feature 1085,0.0011248617891388593
Feature 892,0.0011192242680174692
Feature 524,0.0011185188453101895
Feature 1,0.0011170352339136783
Feature 1568,0.0011159987815676585
Feature 1993,0.0010944547427607172
Feature 297,0.0010853745982241075
Feature 1453,0.0010808496858071908
Feature 1435,0.0010756078209106954
Feature 90,0.0010740181194170942
Feature 43,0.0010689535368817824
Feature 1697,0.0010686490518934883
Feature 790,0.0010673578263745462
Feature 1348,0.001046410897923221
Feature 1391,0.0010355195291494954
Feature 1586,0.0010336554244847
Feature 283,0.0010238368858570808
Feature 1762,0.0010173953998463034
Feature 464,0.0010153529891120366
Feature 847,0.0010152533502280601
Feature 1657,0.001008395021422461
Feature 259,0.0010044787153550526
Feature 193,0.0009977529181427378
Feature 74,0.0009964532193791913
Feature 725,0.0009879122925130258
Feature 1840,0.0009814975573889566
Feature 721,0.0009771277037983201
Feature 1082,0.0009750348624462158
Feature 1791,0.0009645928495301399
Feature 1603,0.0009612713253347164
Feature 1412,0.000947440251211726
Feature 158,0.0009473801991857222
Feature 1035,0.0009428031499767112
Feature 1136,0.0009401475511755214
Feature 1644,0.0009378708597173875
Feature 1929,0.0009364787455943088
Feature 744,0.0009336803193059004
Feature 1819,0.0009336156530516718
Feature 1589,0.0009310709003109908
Feature 636,0.000930339707856098
Feature 1404,0.0009233937597659124
Feature 40,0.0009184166334176147
Feature 560,0.0009131355163634252
Feature 1356,0.0009112307669469016
Feature 1096,0.0009060719755196404
Feature 107,0.000905450097781262
Feature 1240,0.0009047249638273236
Feature 257,0.0008928979289847616
Feature 1982,0.0008866676478231313
Feature 728,0.0008839079390539977
Feature 1498,0.0008835521144739469
Feature 1208,0.0008809495989367043
Feature 1070,0.000880340100420821
Feature 690,0.0008803249552597951
Feature 412,0.0008793505493781022
Feature 1923,0.0008772403808082887
Feature 216,0.0008700487219665596
Feature 1918,0.0008687501809066001
Feature 1845,0.0008669308090332376
Feature 1197,0.000864384696625554
Feature 1028,0.0008568644059662337
Feature 922,0.0008561833729076731
Feature 1015,0.0008550672818337929
Feature 1607,0.000853890058637925
Feature 501,0.0008490477851898434
Feature 1792,0.0008474273769445658
Feature 1238,0.0008436122761069966
Feature 237,0.0008432543535283818
Feature 1416,0.0008320380482049796
Feature 350,0.0008304586652240734
Feature 1365,0.000821257464411989
Feature 692,0.0008162935599476558
Feature 745,0.0008153391846593386
Feature 41,0.0008145736755932651
Feature 87,0.0008114538195903549
Feature 562,0.000811040551637596
Feature 595,0.0008076893342903194
Feature 1266,0.0008075229576303348
Feature 1472,0.0008035081794836108
Feature 816,0.0008027498764393176
Feature 674,0.0007992951949396398
Feature 1481,0.0007951109732234355
Feature 1060,0.0007942486551221685
Feature 802,0.0007915477681032965
Feature 1482,0.0007879948264354633
Feature 1285,0.0007760383784439642
Feature 898,0.0007754664969010543
Feature 1032,0.0007736981231704311
Feature 586,0.0007735270194270721
Feature 289,0.0007720838679119839
Feature 1856,0.0007702243871651041
Feature 1779,0.00076920219411953
Feature 452,0.0007688158652016954
Feature 401,0.0007668992699683363
Feature 1550,0.0007656545806248854
Feature 1990,0.0007647915974187181
Feature 980,0.0007624833159987379
Feature 523,0.0007612625249938971
Feature 1205,0.0007583307694353921
Feature 1734,0.0007582043911550492
Feature 1106,0.0007577709294366214
Feature 1636,0.0007567314234590522
Feature 548,0.0007556132907797949
Feature 63,0.0007547018134327548
Feature 157,0.0007538782542648728
Feature 1222,0.0007475602440052645
Feature 369,0.0007470975507754377
Feature 1475,0.0007458565811154657
Feature 1934,0.0007435681055899167
Feature 1326,0.0007380439340122546
Feature 1632,0.0007367615958478787
Feature 527,0.0007362645272639047
Feature 437,0.0007349125616988948
Feature 715,0.0007348905294944414
Feature 1463,0.0007284504346558359
Feature 1911,0.000726759729622513
Feature 13,0.0007197616004640971
Feature 119,0.0007183290545011613
Feature 168,0.0007162774665826776
Feature 1978,0.0007159585699336445
Feature 558,0.0007135613525029599
Feature 342,0.0007120454881104783
Feature 31,0.0007094247895494877
Feature 1596,0.0007075497932155745
Feature 833,0.000704629174728417
Feature 1724,0.0007046136523969769
Feature 1956,0.0007041122649544316
Feature 1344,0.0007029548126629438
Feature 504,0.0007010882522165057
Feature 384,0.000695902714151009
Feature 1255,0.0006944645984554198
Feature 984,0.0006929482181884205
Feature 1915,0.0006908636498679087
Feature 147,0.0006905416236717515
Feature 739,0.0006873019935608013
Feature 83,0.0006841445179755736
Feature 25,0.0006829975792968776
Feature 2021,0.0006813243112911766
Feature 1141,0.0006810607130914854
Feature 327,0.0006795996099106383
Feature 447,0.0006750373827374942
Feature 1864,0.0006737555465660424
Feature 231,0.0006718969790777614
Feature 1963,0.0006711932901492386
Feature 1274,0.0006671887402380458
Feature 800,0.0006641927599454169
Feature 1469,0.0006639737675397285
Feature 270,0.0006622428856525004
Feature 1164,0.0006617515137558436
Feature 1604,0.000660765064860943
Feature 441,0.0006591111569273732
Feature 1801,0.0006585425149069687
Feature 1441,0.0006583461056979549
Feature 1487,0.0006576917460376215
Feature 1329,0.0006576457821938931
Feature 884,0.0006559050849087926
Feature 310,0.0006555970026276892
Feature 993,0.0006523780912674274
Feature 1862,0.0006463516717992812
Feature 753,0.0006438156178447318
Feature 609,0.0006420636323605866
Feature 1440,0.0006420021118720535
Feature 392,0.0006411914733488411
Feature 1597,0.0006357396557172709
Feature 1476,0.0006353911476706228
Feature 1904,0.0006349828820137808
Feature 1750,0.0006336030107900411
Feature 307,0.0006330954444769656
Feature 1971,0.0006328103085025341
Feature 933,0.0006297939726018412
Feature 528,0.0006288285075241631
Feature 781,0.000628163488639271
Feature 1087,0.0006257751519143492
Feature 1488,0.000625729397694029
Feature 828,0.0006250616382517882
Feature 565,0.0006225128131346955
Feature 92,0.0006224139450093416
Feature 1619,0.0006217046415796281
Feature 260,0.0006214701817815547
Feature 440,0.0006202256362657094
Feature 1252,0.0006148724235801893
Feature 713,0.0006138835034644981
Feature 130,0.000613167117367791
Feature 1981,0.0006129289091408331
Feature 465,0.0006112814783649981
Feature 1730,0.0006112091022548153
Feature 315,0.0006099671381896894
Feature 1442,0.0006089881353887468
Feature 194,0.0006089261839288733
Feature 2017,0.0006088958585688314
Feature 1455,0.0006070693102528829
Feature 1109,0.0006053814114697941
Feature 945,0.0006027490815503454
Feature 991,0.0005994850975384921
Feature 1423,0.0005992716343292941
Feature 213,0.0005990630311476413
Feature 1257,0.0005979504724761275
Feature 222,0.0005958472510742868
Feature 498,0.000594759150224004
Feature 1370,0.0005927352474049118
Feature 319,0.0005865218998459663
Feature 1560,0.0005862994105126949
Feature 1919,0.0005834536776352679
Feature 1430,0.0005788611940064525
Feature 1159,0.0005783828724162321
Feature 1842,0.0005768732402634037
Feature 1630,0.0005739622520666493
Feature 162,0.0005721492065531993
Feature 1719,0.0005717491954623085
Feature 271,0.0005708252454124164
Feature 482,0.0005692767118154548
Feature 644,0.0005689490441133518
Feature 20,0.0005676204285123813
Feature 1120,0.0005659680246497522
Feature 1138,0.0005622076505107579
Feature 1733,0.0005610475215867694
Feature 1426,0.0005607552407745408
Feature 385,0.0005604238754459935
Feature 809,0.0005601316181508134
Feature 1695,0.0005599162342505404
Feature 1914,0.0005556556799579179
Feature 786,0.0005552814628119336
Feature 1627,0.00055200441348723
Feature 789,0.0005492605540003929
Feature 1027,0.0005487348667219495
Feature 1747,0.0005479439700933239
Feature 1823,0.0005474741461217703
Feature 113,0.0005460082106941044
Feature 1297,0.0005452978836144897
Feature 1215,0.000545125436186251
Feature 726,0.00054438999316712
Feature 1946,0.0005423683167184233
Feature 1349,0.0005416419052616816
Feature 1785,0.0005400048271496936
Feature 117,0.0005382977758008233
Feature 1333,0.0005350588749336905
Feature 614,0.0005348745871378679
Feature 971,0.0005345337246831867
Feature 1567,0.0005343490227154167
Feature 1797,0.000533742919419318
Feature 1624,0.0005331505437432026
Feature 749,0.0005324289571726038
Feature 585,0.0005321505222421749
Feature 1612,0.0005317518744259368
Feature 901,0.0005292980637824968
Feature 1295,0.0005292067572901054
Feature 460,0.0005280985689259343
Feature 8,0.0005271778515074037
Feature 835,0.0005262157246637881
Feature 1507,0.0005254649194480224
Feature 1701,0.0005253634960949362
Feature 592,0.000525339874080402
Feature 844,0.0005248173382772369
Feature 1053,0.0005245893021570145
Feature 1572,0.0005244826742405666
Feature 2047,0.0005231517191291703
Feature 510,0.0005217713879591157
Feature 552,0.0005175259425733549
Feature 419,0.0005164076078852293
Feature 1765,0.000513665550713988
Feature 1879,0.0005134945958297605
Feature 1445,0.000513466556937415
Feature 2030,0.0005122685508116794
Feature 1935,0.0005091849104075078
Feature 940,0.0005056144755570994
Feature 1308,0.0005053449015676866
Feature 287,0.000505068983598581
Feature 29,0.0005049446733049832
Feature 368,0.0005049181625913022
Feature 1103,0.00050316026823558
Feature 1780,0.0005012483958473339
Feature 1056,0.0004993185744474207
Feature 211,0.0004976283827456873
Feature 1483,0.0004971425564327141
Feature 1746,0.0004970927323921553
Feature 1312,0.0004969046596883505
Feature 1930,0.0004968635444357384
Feature 1854,0.0004960830732208497
Feature 459,0.0004958128406322462
Feature 667,0.0004946007085047187
Feature 281,0.0004939074922319435
Feature 1346,0.0004937206837438251
Feature 960,0.0004928221704216754
Feature 1611,0.000492753340242436
Feature 876,0.0004927417629453462
Feature 634,0.0004920241054296573
Feature 58,0.0004909969338410064
Feature 1063,0.0004905664637370406
Feature 1249,0.0004903766180374083
Feature 1049,0.0004900878800706392
Feature 1108,0.0004892212371578281
Feature 442,0.0004888835450140393
Feature 155,0.00048706377765046034
Feature 127,0.0004860355205829039
Feature 1017,0.00048430868467654113
Feature 1863,0.00048326463133366575
Feature 177,0.0004827869958711439
Feature 943,0.0004821310780625185
Feature 569,0.00048189697436522066
Feature 511,0.00048124404435654
Feature 2046,0.00048103205023497243
Feature 798,0.0004805530880945668
Feature 831,0.00048008929526843856
Feature 589,0.0004779222018399626
Feature 849,0.0004768840554627626
Feature 1403,0.00047412663261484696
Feature 1045,0.00047194085046452645
Feature 720,0.00047161193048239733
Feature 1381,0.0004694009442865444
Feature 425,0.000469243363538372
Feature 1409,0.0004690947307534141
Feature 743,0.0004688950650175735
Feature 532,0.00046874656167990514
Feature 758,0.00046825800708811556
Feature 1162,0.0004675833098509134
Feature 1447,0.00046742253411543894
Feature 1264,0.00046737959707179606
Feature 1839,0.0004665235650271733
Feature 1569,0.0004649876815483092
Feature 103,0.0004649337870599484
Feature 1275,0.0004648427475027978
Feature 666,0.00046409469580292154
Feature 819,0.00046404058917286857
Feature 574,0.00046306534339761874
Feature 678,0.00046198636608532395
Feature 1168,0.0004619759757674389
Feature 110,0.00046072006702955104
Feature 573,0.0004571354056220937
Feature 1379,0.00045554704433742744
Feature 785,0.0004553805410345915
Feature 324,0.000455091637520879
Feature 326,0.0004545823941663459
Feature 62,0.0004529292415061802
Feature 1738,0.00045182642535989786
Feature 1516,0.0004517343385960056
Feature 2042,0.0004512387107248308
Feature 1833,0.00045091326079365777
Feature 1649,0.0004471132650881909
Feature 620,0.00044678483534347623
Feature 1742,0.00044501354247221473
Feature 1996,0.0004448317154264546
Feature 295,0.0004438497298278841
Feature 479,0.00044382943305215297
Feature 496,0.00044356663182646707
Feature 1292,0.0004433140391825922
Feature 309,0.0004424754728026928
Feature 140,0.0004423993349469086
Feature 1422,0.0004420864773011517
Feature 1418,0.00044050129449638153
Feature 1228,0.00043981956463479116
Feature 1587,0.00043861651864055185
Feature 1599,0.0004385177080674024
Feature 1468,0.00043795737515973644
Feature 1948,0.00043775148387793333
Feature 1939,0.0004355841145900656
Feature 647,0.0004349763960043607
Feature 1353,0.00043293057930230897
Feature 1808,0.000432741904956352
Feature 102,0.0004297627103859268
Feature 838,0.0004294988422089911
Feature 848,0.000429415147697639
Feature 932,0.0004288379938798887
Feature 987,0.00042767163539194627
Feature 1741,0.00042623893867986453
Feature 116,0.0004255160671735102
Feature 1217,0.0004248762621661078
Feature 1988,0.0004245577041479986
Feature 1608,0.00042434303371068695
Feature 1268,0.000422861671291716
Feature 883,0.0004228424532869151
Feature 724,0.00042178686076143056
Feature 305,0.00042171961381893224
Feature 1601,0.0004204860095490389
Feature 252,0.0004177056025965263
Feature 1542,0.0004168472675354857
Feature 341,0.0004161676345190447
Feature 1069,0.0004157399778620315
Feature 1086,0.0004152168996716705
Feature 1454,0.0004151128270829503
Feature 1232,0.0004142160193797955
Feature 1142,0.00041418380761425346
Feature 1945,0.00041383737493613733
Feature 1693,0.00041293349444112193
Feature 171,0.0004115959875472973
Feature 255,0.00040877300177184404
Feature 638,0.0004076599111748678
Feature 600,0.00040694052212112943
Feature 338,0.0004057316208845258
Feature 165,0.00040553137389615274
Feature 123,0.0004055270348541802
Feature 531,0.0004042095595388241
Feature 1908,0.0004039732043280439
Feature 1972,0.0004038310707988396
Feature 522,0.00040269575435325635
Feature 1892,0.00040227851583318454
Feature 777,0.0004016193475059465
Feature 84,0.00040050173739546754
Feature 1637,0.0004004443812237854
Feature 457,0.00040025333813547886
Feature 251,0.00040007525848383634
Feature 845,0.0003993565269848728
Feature 151,0.00039754300521608113
Feature 575,0.00039743847457149035
Feature 885,0.00039697890284168215
Feature 1313,0.00039482768607899824
Feature 268,0.0003945948340459344
Feature 1546,0.0003939536300886998
Feature 769,0.00039363578353036356
Feature 2,0.00039267074512521475
Feature 927,0.00039237965595546615
Feature 1143,0.00039220414999201685
Feature 506,0.0003918755980952737
Feature 1009,0.00039143768659722196
Feature 862,0.0003912223660785658
Feature 719,0.0003907829251597489
Feature 1022,0.0003883039012391106
Feature 1529,0.00038819101292596046
Feature 1026,0.00038810796822783396
Feature 1407,0.0003876549853847257
Feature 1718,0.0003871223294806474
Feature 448,0.00038637927560340805
Feature 653,0.00038521155525295944
Feature 623,0.0003848451965582023
Feature 890,0.00038448885549967847
Feature 879,0.00038395726522783843
Feature 1744,0.0003827809041328473
Feature 428,0.0003815940855383353
Feature 1799,0.00037896943511449006
Feature 1661,0.0003782864606441425
Feature 1279,0.00037614910337202366
Feature 1256,0.0003758592549848993
Feature 1506,0.0003758283907560634
Feature 762,0.0003757593981228055
Feature 1134,0.00037541505101280545
Feature 1998,0.0003749664686984027
Feature 438,0.00037480767454448993
Feature 1195,0.0003736048026006522
Feature 912,0.000373242482171973
Feature 138,0.0003721341395750833
Feature 200,0.0003716589653842017
Feature 1387,0.00036948613358755186
Feature 1402,0.0003693112800942854
Feature 383,0.0003684154513947199
Feature 276,0.00036819008528915547
Feature 711,0.00036792151954612694
Feature 1775,0.0003673169269672458
Feature 2007,0.00036685332348768894
Feature 1849,0.00036613946526381166
Feature 499,0.0003652527271184742
Feature 773,0.0003651950287042028
Feature 121,0.0003651407009364802
Feature 325,0.0003649378622966792
Feature 1583,0.0003648439824471003
Feature 230,0.00036473264272016283
Feature 1831,0.0003646243445952174
Feature 400,0.00036262563837983374
Feature 1375,0.00036140905035643726
Feature 446,0.00036100722589643507
Feature 878,0.0003605387022666043
Feature 2043,0.0003605170289725045
Feature 473,0.0003590283492497052
Feature 564,0.0003589182304420102
Feature 1565,0.0003579013181287063
Feature 1149,0.0003577120412286574
Feature 917,0.00035723076888939355
Feature 658,0.00035710319780144466
Feature 716,0.0003566561221833895
Feature 291,0.0003559459370872728
Feature 197,0.00035429703011349313
Feature 1564,0.00035329206385791234
Feature 1610,0.00035242058028421704
Feature 767,0.0003523889734448012
Feature 590,0.0003523681889484042
Feature 1089,0.00035234165703056867
Feature 1809,0.00035037593985805
Feature 248,0.00034967751933932757
Feature 1243,0.00034855714883221694
Feature 1592,0.00034826088160902713
Feature 490,0.0003473327278896835
Feature 1952,0.0003462811945781333
Feature 1764,0.0003462236453281816
Feature 1995,0.0003456144225887031
Feature 1677,0.0003454322424423028
Feature 1250,0.0003432778979791861
Feature 1739,0.0003430506979518033
Feature 1716,0.00034274933606481453
Feature 1401,0.0003407644285775785
Feature 81,0.0003392316124796585
Feature 598,0.0003375817758968425
Feature 333,0.0003367006830396514
Feature 1522,0.00033634414066858277
Feature 1126,0.00033526911124192617
Feature 1382,0.00033517087829537824
Feature 1176,0.00033483228129535
Feature 1832,0.000334078876261996
Feature 702,0.00033384274459892917
Feature 180,0.0003322931246425345
Feature 983,0.00033195311258882055
Feature 1146,0.0003310750513281842
Feature 1859,0.0003308447631776772
Feature 1394,0.0003307167778354264
Feature 1048,0.0003297557558590439
Feature 296,0.0003296627317272192
Feature 1135,0.0003292857680385556
Feature 1887,0.0003279545688632641
Feature 680,0.000327610957578939
Feature 1196,0.00032656137271372854
Feature 556,0.0003260809206549027
Feature 167,0.0003255648812493687
Feature 2036,0.0003252950490371708
Feature 954,0.00032110615903203855
Feature 475,0.00032106011007004614
Feature 1474,0.0003196415457031378
Feature 1949,0.00031928250827387264
Feature 1299,0.0003188499945128194
Feature 4,0.00031730933721116393
Feature 453,0.0003159716581125199
Feature 1436,0.0003152189434916332
Feature 947,0.0003150483530148302
Feature 930,0.00031433076335089197
Feature 997,0.0003139302209032212
Feature 1668,0.00031266883033851214
Feature 1796,0.0003121875286673598
Feature 1395,0.0003106363386056928
Feature 1260,0.0003086817708359176
Feature 1328,0.0003086703574772423
Feature 1588,0.0003082901356459246
Feature 1218,0.0003081865837166226
Feature 1897,0.0003080584337253752
Feature 1147,0.00030799284823130604
Feature 492,0.0003075323926771434
Feature 1805,0.0003065947317386224
Feature 946,0.00030658190334051936
Feature 463,0.00030612866002910165
Feature 741,0.00030588769702722654
Feature 1757,0.0003051515703594415
Feature 1242,0.0003035134601919576
Feature 54,0.00030334474227158257
Feature 1309,0.0003026185749833358
Feature 2025,0.0003022453438211515
Feature 468,0.0003009725172145006
Feature 992,0.00029972900953325243
Feature 817,0.00029971690343268804
Feature 1736,0.00029927510360335484
Feature 387,0.0002986599693900581
Feature 664,0.0002978844316138362
Feature 1653,0.0002976425745910437
Feature 76,0.000297352870642161
Feature 1920,0.00029726939007430745
Feature 312,0.00029656331301413665
Feature 635,0.0002965076236786168
Feature 1538,0.0002964265618407178
Feature 1154,0.00029600539803322206
Feature 735,0.00029582324909285557
Feature 302,0.000295438673721919
Feature 1190,0.00029533476205256007
Feature 1158,0.0002951324800902614
Feature 1051,0.00029469250338383396
Feature 1003,0.00029426208373477676
Feature 224,0.00029234825872038
Feature 3,0.00029217388741846896
Feature 1977,0.00029192680576205405
Feature 996,0.00029181102833137
Feature 1125,0.0002917437455347231
Feature 1713,0.000290051037726307
Feature 125,0.00028983067958357104
Feature 1179,0.0002894911163774452
Feature 374,0.00028926444197007833
Feature 1336,0.00028862553319826113
Feature 466,0.0002877248923148637
Feature 679,0.0002873215785209612
Feature 530,0.0002857995833653067
Feature 278,0.0002851906024068961
Feature 1673,0.00028404432175979156
Feature 1828,0.00028367008052171194
Feature 1008,0.0002835746991807218
Feature 757,0.0002834464841178071
Feature 918,0.00028287389988912155
Feature 759,0.0002823346495844046
Feature 175,0.0002822121720339275
Feature 470,0.0002820358672082314
Feature 1239,0.00028189623841465283
Feature 834,0.0002816481366848447
Feature 1031,0.00028084609938215297
Feature 1968,0.0002805904276548019
Feature 864,0.00028020366275606983
Feature 1075,0.0002799482333504943
Feature 288,0.0002786393036831412
Feature 915,0.00027855834988986576
Feature 1055,0.0002780883469458122
Feature 978,0.00027735596735889033
Feature 580,0.0002772171411002931
Feature 612,0.0002772118025620636
Feature 1201,0.0002769096345987417
Feature 1811,0.00027657494766743647
Feature 1679,0.0002764909199701442
Feature 1221,0.0002754814300374198
Feature 12,0.0002754373450140868
Feature 202,0.00027541741837871586
Feature 2027,0.00027521754560801555
Feature 801,0.00027355286674903836
Feature 39,0.0002735276638804121
Feature 388,0.0002732818400291131
Feature 500,0.00027265171286580794
Feature 700,0.0002720970382958577
Feature 625,0.00027148084178332213
Feature 1605,0.00027133009771185496
Feature 1784,0.00027132627793239277
Feature 106,0.0002705310876885525
Feature 602,0.0002703681723248484
Feature 1817,0.00027027406116076003
Feature 1969,0.0002701977085624243
Feature 1291,0.00026968773756167586
Feature 1634,0.00026957318673036164
Feature 1876,0.00026834498462996616
Feature 1992,0.0002676094282946433
Feature 570,0.00026740876758585773
Feature 1014,0.0002671886856133507
Feature 1178,0.00026621464195999273
Feature 1547,0.0002661922753083129
Feature 1417,0.00026597101783794774
Feature 811,0.00026482620602632113
Feature 301,0.00026475544672146877
Feature 953,0.00026446826059248733
Feature 198,0.00026413807650914084
Feature 1175,0.000263016230804453
Feature 1485,0.0002623792778412497
Feature 10,0.00026217614409430016
Feature 893,0.0002615193162868262
Feature 730,0.0002604079155265993
Feature 804,0.0002603358587679803
Feature 1261,0.00026027231609920766
Feature 1726,0.0002601659315035472
Feature 1419,0.00025982092019178384
Feature 1079,0.00025975046274177605
Feature 1186,0.0002592257362402488
Feature 1270,0.0002591658410562857
Feature 67,0.00025913118285224437
Feature 1503,0.0002582936911101657
Feature 481,0.0002582617702911751
Feature 1557,0.00025703695271745753
Feature 133,0.0002566362849250445
Feature 1128,0.000255241222021172
Feature 170,0.0002546941522591264
Feature 263,0.00025469316622198806
Feature 1080,0.0002543860627498906
Feature 1671,0.0002539849481117217
Feature 1692,0.00025392557858988434
Feature 837,0.00025335146526943156
Feature 1936,0.0002527613181518535
Feature 1731,0.00025245272374213443
Feature 857,0.00025230657371728716
Feature 1640,0.0002518303593408334
Feature 1220,0.00025155565442722214
Feature 1656,0.00025148674664597984
Feature 1857,0.0002510809455647962
Feature 1629,0.0002510604658604876
Feature 1520,0.0002505125943543134
Feature 69,0.0002495760080064632
Feature 1793,0.000249438686194165
Feature 1778,0.00024941405339248953
Feature 601,0.00024922564509141974
Feature 1755,0.00024869173404555616
Feature 1926,0.0002479016363237492
Feature 1386,0.0002477943746950841
Feature 1339,0.0002475119743672906
Feature 1867,0.0002468433099155356
Feature 1050,0.0002466081811596199
Feature 533,0.0002463255780648727
Feature 1954,0.00024466708729061284
Feature 408,0.0002441460823655099
Feature 937,0.00024410978307397863
Feature 347,0.00024354644710067135
Feature 1899,0.0002431985178758632
Feature 1678,0.00024221020325958597
Feature 1132,0.00024186191571333652
Feature 577,0.00024082862597707864
Feature 677,0.00024001642460631293
Feature 1504,0.00023995129436874812
Feature 1095,0.00023925741146592821
Feature 714,0.0002390899816593859
Feature 1471,0.00023887907239914064
Feature 507,0.0002380937575716171
Feature 1626,0.00023804627760885423
Feature 351,0.0002379974800256268
Feature 861,0.00023798840147650142
Feature 1415,0.00023778028348154294
Feature 1036,0.0002366375728831375
Feature 521,0.00023657763150087418
Feature 1814,0.0002361651574318145
Feature 228,0.00023594588577891839
Feature 502,0.0002354345456697301
Feature 1446,0.00023409140648656456
Feature 557,0.0002336923731732033
Feature 1021,0.0002336146609297383
Feature 944,0.00023352469960463535
Feature 1521,0.00023351885442199417
Feature 1585,0.00023306938970507276
Feature 855,0.0002328693793654352
Feature 1959,0.00023280239668731835
Feature 1004,0.00023267551446349836
Feature 245,0.00023165806486814418
Feature 1005,0.00023136931227466044
Feature 1526,0.0002311885531450373
Feature 788,0.00023111030556237217
Feature 1790,0.00023094117511449435
Feature 887,0.0002306967358694499
Feature 1974,0.00022945575547219684
Feature 1502,0.00022921389775980823
Feature 1204,0.00022920806060186126
Feature 977,0.00022888709708361385
Feature 1113,0.00022840180501981184
Feature 1872,0.00022794407958544156
Feature 1360,0.00022785135924805418
Feature 1540,0.00022765916524607584
Feature 131,0.0002274626033288193
Feature 262,0.00022734614046346284
Feature 344,0.00022690725529343045
Feature 799,0.0002268993218725819
Feature 1347,0.0002262114931249559
Feature 1155,0.00022543168441699097
Feature 607,0.00022380453032234192
Feature 122,0.00022345887764548965
Feature 1262,0.00022232200382411895
Feature 1071,0.00022213851072942518
Feature 1377,0.00022187229705691668
Feature 1659,0.00022139647884991337
Feature 1655,0.00022124533603033917
Feature 2024,0.0002211671858203032
Feature 2000,0.00022051221948476792
Feature 456,0.00022005440479224632
Feature 1647,0.00021924706085448212
Feature 1595,0.00021716249240403925
Feature 218,0.00021659959778581154
Feature 1781,0.00021632502250286338
Feature 796,0.00021545785676006855
Feature 241,0.00021524190406476505
Feature 95,0.0002145987211488935
Feature 354,0.00021402651801627435
Feature 1681,0.0002139531051575454
Feature 467,0.0002138799101304402
Feature 404,0.00021381421585916433
Feature 1169,0.00021343466717473294
Feature 1389,0.00021279605864186547
Feature 30,0.00021261913520026246
Feature 148,0.0002118270200789303
Feature 688,0.00021021516751775664
Feature 587,0.00020909514596119099
Feature 1104,0.00020806097897105338
Feature 1420,0.0002080398973410128
Feature 267,0.00020755396703053177
Feature 2008,0.0002074191263224349
Feature 1927,0.00020739191105612382
Feature 1852,0.00020650988160582332
Feature 1397,0.00020606838884998748
Feature 865,0.0002059378636087053
Feature 364,0.00020570715823110602
Feature 1437,0.00020563934618630757
Feature 1544,0.00020516318905886734
Feature 66,0.0002048124389465062
Feature 1727,0.00020479397531370715
Feature 1296,0.00020467378878892293
Feature 145,0.00020438261049230774
Feature 1235,0.00020429513233020385
Feature 606,0.00020389729910260412
Feature 1890,0.00020332012081573553
Feature 549,0.00020326222221444626
Feature 1964,0.00020313435820860402
Feature 1034,0.00020247478415629712
Feature 872,0.00020177977735382554
Feature 1824,0.00020169092953265677
Feature 430,0.00020166664849846283
Feature 1025,0.0002016439530010092
Feature 999,0.00020138066139000583
Feature 1860,0.0002010416950528314
Feature 345,0.00020098063160463596
Feature 559,0.00020096810915530577
Feature 689,0.00020082966120393728
Feature 51,0.00020037958171316894
Feature 34,0.00020022559809789947
Feature 750,0.00020019104015274792
Feature 1766,0.00019967250660488423
Feature 2034,0.0001996218937659861
Feature 1166,0.0001986044008531867
Feature 850,0.0001985122125259154
Feature 751,0.00019820669177729786
Feature 621,0.0001981876718047321
Feature 1788,0.00019804955480475628
Feature 1210,0.0001972831452883107
Feature 1519,0.00019640497442009692
Feature 517,0.00019620930442939833
Feature 27,0.00019583380436429337
Feature 1462,0.0001953112764070073
Feature 1183,0.0001952027311270361
Feature 1184,0.00019489456970650285
Feature 1314,0.0001947173442338335
Feature 236,0.00019441848447347446
Feature 143,0.0001944050540947323
Feature 671,0.00019430776420532484
Feature 1735,0.00019412603991734404
Feature 701,0.00019380403307451405
Feature 754,0.0001937730694096258
Feature 1891,0.00019362275405753073
Feature 676,0.00019242531104669074
Feature 1838,0.0001921208025475415
Feature 985,0.00019166480243941895
Feature 1708,0.0001913494142041319
Feature 1858,0.00019115068112204707
Feature 784,0.00019102387947174244
Feature 588,0.00019095464971207428
Feature 1341,0.00019061282194662022
Feature 208,0.00019050440614096779
Feature 1510,0.00019045140095602843
Feature 1761,0.00019020308950974327
Feature 955,0.0001901879172602532
Feature 394,0.00018999337250558997
Feature 1173,0.00018951600246315376
Feature 1774,0.00018940945412535516
Feature 1594,0.00018914349868703344
Feature 729,0.0001885738017667893
Feature 965,0.0001877235814165506
Feature 1922,0.0001876185343149221
Feature 97,0.00018748720405861735
Feature 206,0.00018712597853651078
Feature 1399,0.00018699517254990107
Feature 343,0.00018696882806742475
Feature 594,0.0001866990357926777
Feature 160,0.00018658746879071598
Feature 182,0.00018623279930470946
Feature 1302,0.00018588751399737955
Feature 423,0.00018572076483639903
Feature 418,0.00018512899117707968
Feature 1771,0.00018507847339121276
Feature 70,0.00018487008878712195
Feature 642,0.0001847516639482434
Feature 1590,0.00018462574565007194
Feature 1294,0.0001844451304680374
Feature 146,0.00018439827306723544
Feature 710,0.0001838850598480294
Feature 738,0.00018380567490349975
Feature 826,0.0001833379273645871
Feature 1011,0.0001832163779883521
Feature 903,0.00018268195135761958
Feature 934,0.00018233372896526054
Feature 825,0.00018201255928747823
Feature 1267,0.00018192942827434993
Feature 1140,0.0001818647135604338
Feature 882,0.00018175769491965315
Feature 1225,0.0001813969358195031
Feature 631,0.00018076080205952654
Feature 734,0.00018051686556411637
Feature 1633,0.00018042121955515707
Feature 239,0.00018014455469002224
Feature 1554,0.00017971150873427561
Feature 908,0.0001795322261577341
Feature 626,0.0001792015122187108
Feature 395,0.00017906881031966301
Feature 1495,0.00017886290276518654
Feature 2005,0.0001788322145742056
Feature 1577,0.00017878441611647545
Feature 624,0.0001786777968919084
Feature 774,0.00017854810836610022
Feature 925,0.0001784795525482768
Feature 1368,0.00017804706662744762
Feature 204,0.0001774693471130099
Feature 1620,0.00017738942957064914
Feature 337,0.00017694548160476176
Feature 854,0.0001764890907271634
Feature 1065,0.00017632379852927706
Feature 832,0.00017597206429527425
Feature 1477,0.0001759205360084859
Feature 503,0.00017474832285787253
Feature 2023,0.00017355680184723315
Feature 1999,0.00017354769534083002
Feature 5,0.00017316394820375135
Feature 822,0.00017315367942829666
Feature 990,0.00017227322892062613
Feature 931,0.00017211543736626124
Feature 2044,0.00017172565454538487
Feature 1523,0.00017153346754884686
Feature 254,0.00017114820143892677
Feature 201,0.00017104292224925788
Feature 1967,0.00017089463941006726
Feature 1663,0.00017088119431688973
Feature 380,0.000170767479249579
Feature 357,0.00017074971458219478
Feature 1932,0.00017070587715349076
Feature 209,0.00017038972713135668
Feature 339,0.00016997223271337367
Feature 1439,0.00016969398848190863
Feature 154,0.00016958498077495696
Feature 129,0.00016906160933285582
Feature 240,0.00016905145554350757
Feature 1018,0.00016781167141816574
Feature 1320,0.00016700570341999743
Feature 1189,0.00016694456949187025
Feature 219,0.0001667477300950277
Feature 1700,0.00016648875142318565
Feature 613,0.00016641442323583305
Feature 142,0.0001659588543827741
Feature 808,0.00016579382297854796
Feature 1527,0.00016575661184559088
Feature 684,0.0001656109585831183
Feature 1776,0.00016539887467144303
Feature 1851,0.0001649164865641936
Feature 1623,0.00016490667069619927
Feature 172,0.00016485179213389937
Feature 1040,0.00016476483465417054
Feature 152,0.0001645920153822371
Feature 277,0.00016408045569112474
Feature 365,0.0001639762622163166
Feature 707,0.00016381184974376115
Feature 1674,0.0001636649656772482
Feature 68,0.00016354581881859723
Feature 189,0.00016305658045291402
Feature 413,0.00016260727544252333
Feature 949,0.00016254746999046018
Feature 427,0.0001625123037149783
Feature 497,0.00016250714258214
Feature 1961,0.0001619668171899949
Feature 1300,0.00016196292463696485
Feature 1303,0.0001615637300408754
Feature 1752,0.00016139506593182353
Feature 1277,0.000161179138561483
Feature 1570,0.0001610547829736913
Feature 1975,0.000160900743246866
Feature 1458,0.00016073545981417245
Feature 1877,0.00016069782137570441
Feature 311,0.00016049757062387305
Feature 2028,0.00016049259265077365
Feature 488,0.0001604925836897038
Feature 225,0.0001603790079318824
Feature 619,0.000160368774587529
Feature 894,0.00016016541439013132
Feature 654,0.0001599848991102636
Feature 455,0.00015994759249353518
Feature 1804,0.00015967543453420676
Feature 1609,0.00015960332766581703
Feature 77,0.00015939792052919882
Feature 866,0.00015929104443283853
Feature 120,0.00015925962641152156
Feature 1606,0.00015883935130666318
Feature 203,0.00015833012307397217
Feature 1288,0.00015823273437611007
Feature 1429,0.00015745212204406524
Feature 1844,0.00015731797949692785
Feature 1148,0.0001573016920937611
Feature 1756,0.0001571541580793785
Feature 567,0.00015667321814471832
Feature 660,0.00015644762357807428
Feature 1373,0.00015542905472623782
Feature 597,0.00015517183022090874
Feature 1369,0.00015513595127809578
Feature 109,0.00015449396575606994
Feature 60,0.000154380619069585
Feature 1957,0.0001540991986841683
Feature 1451,0.00015403437983390746
Feature 1530,0.0001538434605080646
Feature 1958,0.00015340745765514042
Feature 591,0.00015298308263899082
Feature 399,0.00015276168212794783
Feature 1305,0.00015220054582430935
Feature 164,0.00015215402763276914
Feature 836,0.00015186377585312095
Feature 1903,0.0001516669442460077
Feature 1331,0.00015161287757170652
Feature 546,0.00015132626538663492
Feature 1466,0.0001512233140638306
Feature 9,0.00015092988315298223
Feature 964,0.00015078470530312311
Feature 540,0.00015057810870334703
Feature 411,0.0001503257821282237
Feature 1940,0.0001502488263815152
Feature 858,0.00015023013847042662
Feature 55,0.00015016549246595726
Feature 1406,0.00014903983479259208
Feature 981,0.00014890685813873913
Feature 670,0.00014876521343127458
Feature 576,0.00014854317663454017
Feature 115,0.0001478613588604449
Feature 771,0.00014732951031472998
Feature 795,0.00014717711139877312
Feature 1427,0.00014669215982400283
Feature 215,0.00014618774966775568
Feature 782,0.00014588140863684005
Feature 1686,0.00014553811255171655
Feature 57,0.00014516908787606784
Feature 100,0.00014481463976259078
Feature 1044,0.0001448011060189884
Feature 1047,0.0001447914257280261
Feature 1698,0.00014468463967620376
Feature 1723,0.00014449454027538834
Feature 78,0.00014443960507068648
Feature 472,0.00014263446010768778
Feature 134,0.00014222721954881305
Feature 839,0.00014188741490437292
Feature 163,0.00014167796687724213
Feature 1768,0.00014156929440997215
Feature 1878,0.0001410370104165758
Feature 1187,0.00014040346474820576
Feature 46,0.00014032141539423816
Feature 205,0.00014023915097623193
Feature 682,0.00014015074625390312
Feature 2020,0.00013999059222831448
Feature 1820,0.00013918778971570617
Feature 2032,0.00013909494545747154
Feature 752,0.00013884329021066248
Feature 405,0.000138837182579494
Feature 2029,0.00013872619812857205
Feature 1139,0.00013868250727186297
Feature 179,0.00013864542959636321
Feature 1667,0.00013842604652461639
Feature 603,0.0001383374400075445
Feature 1073,0.00013749312914838326
Feature 1287,0.00013748927098082247
Feature 227,0.0001372300352707555
Feature 1001,0.00013702594401770766
Feature 1192,0.00013700734191110975
Feature 300,0.0001367155981843607
Feature 1024,0.00013616189314469973
Feature 229,0.00013590777725480335
Feature 610,0.00013587076763098605
Feature 1497,0.0001357272686654535
Feature 962,0.00013540808338460632
Feature 1362,0.00013501406485345223
Feature 1515,0.00013449175014083534
Feature 1400,0.00013373905955459716
Feature 1669,0.00013366551344556654
Feature 1770,0.00013353654037476364
Feature 1548,0.00013339517450062146
Feature 1737,0.0001330350345839715
Feature 1150,0.0001326168809212907
Feature 159,0.00013229763401613985
Feature 18,0.00013228770454776936
Feature 772,0.0001314291144979682
Feature 1953,0.00013115951001583392
Feature 461,0.00013076476477541724
Feature 891,0.00013054112658580645
Feature 2001,0.00013030036572074877
Feature 1030,0.00012997444979186257
Feature 11,0.0001298867015797995
Feature 108,0.00012960042542451192
Feature 1553,0.0001295724276047586
Feature 1490,0.0001290915868691732
Feature 895,0.00012898675578915884
Feature 2041,0.00012874485450982786
Feature 363,0.00012845905898819411
Feature 685,0.00012837631651304538
Feature 547,0.00012829062362174304
Feature 1209,0.00012817894058349318
Feature 1937,0.00012816349471435543
Feature 1271,0.00012811968430661438
Feature 174,0.00012810222459543004
Feature 1185,0.00012800174176618706
Feature 584,0.0001279812323892564
Feature 1478,0.00012797615691530602
Feature 1574,0.00012787300500208737
Feature 1002,0.00012769077469946755
Feature 1552,0.0001275130710676473
Feature 474,0.0001275059667407873
Feature 760,0.00012726751479179486
Feature 1600,0.00012719710627318208
Feature 550,0.0001264872364961777
Feature 88,0.00012641698348282064
Feature 126,0.0001263946381596726
Feature 42,0.00012612340885458497
Feature 478,0.00012584589972343364
Feature 1479,0.00012583832392348149
Feature 646,0.00012524857470164974
Feature 1800,0.00012509045372234893
Feature 1355,0.00012507517644977592
Feature 1280,0.00012434095848137946
Feature 1361,0.0001241848446857374
Feature 1284,0.00012418306219394738
Feature 911,0.000123831296973941
Feature 132,0.00012381681738787945
Feature 26,0.0001237225683118855
Feature 768,0.00012326357510487825
Feature 16,0.00012310517191183018
Feature 1130,0.00012309423009653481
Feature 1955,0.0001230281488050678
Feature 1068,0.00012293317550481303
Feature 539,0.00012292653734088181
Feature 1575,0.0001226130124435468
Feature 371,0.00012257876803470686
Feature 328,0.00012253598752584645
Feature 1323,0.00012235114663393002
Feature 98,0.0001221370482289485
Feature 1118,0.00012210042090282012
Feature 433,0.00012176285736706454
Feature 1006,0.00012150008641479056
Feature 186,0.00012130542157010813
Feature 379,0.00012127170599061354
Feature 1421,0.00012117595561798273
Feature 1803,0.00012089265560125176
Feature 1660,0.00012080422432326715
Feature 1950,0.00012054099786935402
Feature 426,0.00012046269197205572
Feature 1896,0.00012003173315568479
Feature 2038,0.00011976920981170547
Feature 1434,0.00011957335027439142
Feature 617,0.00011877584714357129
Feature 1980,0.00011847608894884244
Feature 770,0.0001178856252494658
Feature 82,0.0001175727762279679
Feature 1467,0.00011744307913818573
Feature 1363,0.00011744290746195542
Feature 331,0.00011734427270513417
Feature 59,0.0001167495918000503
Feature 1413,0.00011673547545892429
Feature 1064,0.00011658269080112686
Feature 697,0.0001164763068413787
Feature 665,0.00011640912345883075
Feature 1203,0.00011629257264265873
Feature 1076,0.00011597866381430769
Feature 704,0.00011583942773965479
Feature 1965,0.00011560006489642832
Feature 1578,0.00011517125358729664
Feature 1033,0.000115144889013293
Feature 1884,0.00011507346938477682
Feature 512,0.00011464714531043259
Feature 1340,0.0001143291002441233
Feature 942,0.00011432286718844598
Feature 1694,0.0001142239348209161
Feature 1338,0.00011349351165495806
Feature 1690,0.0001131945290019223
Feature 1248,0.00011276727903942683
Feature 535,0.00011273533037068624
Feature 1290,0.0001125985024124467
Feature 1105,0.00011256247791097623
Feature 306,0.0001123994094036904
Feature 410,0.00011188472606508243
Feature 1777,0.00011167965494546592
Feature 153,0.00011153153789845019
Feature 913,0.00011152795111455176
Feature 1514,0.00011148606963168411
Feature 1112,0.00011136046120393899
Feature 137,0.00011125900592571661
Feature 778,0.00011114348773357242
Feature 1133,0.00011090919739387198
Feature 661,0.00010993291517205378
Feature 1651,0.00010991196155466717
Feature 1706,0.00010972893938967956
Feature 1470,0.00010952075505059877
Feature 1493,0.000109344941740655
Feature 1559,0.00010933191344755023
Feature 2026,0.00010899885191423286
Feature 1598,0.00010894283720734363
Feature 1513,0.00010866990212606058
Feature 414,0.00010848383518419335
Feature 1301,0.00010839470672880072
Feature 1061,0.00010832766822380483
Feature 1484,0.00010829932061100906
Feature 1449,0.00010829114016549261
Feature 293,0.00010791303400140123
Feature 242,0.00010780344251702443
Feature 1973,0.00010730478857461766
Feature 967,0.00010725298021322691
Feature 1182,0.00010701446752526072
Feature 792,0.00010699395082891973
Feature 910,0.00010692602233283924
Feature 2014,0.00010681051360323103
Feature 812,0.00010648704802119341
Feature 537,0.00010643714084997937
Feature 518,0.00010635883645307273
Feature 2010,0.00010617613702878477
Feature 1177,0.00010613408588814281
Feature 1646,0.00010610092699342116
Feature 1543,0.00010527417502983257
Feature 1888,0.0001052246881410948
Feature 1094,0.00010484249184278518
Feature 429,0.00010476739197204294
Feature 135,0.00010465572580310874
Feature 173,0.00010454799705220936
Feature 1316,0.00010437295388342258
Feature 2045,0.0001039205223159786
Feature 1880,0.00010377065804308296
Feature 1123,0.00010370180274428138
Feature 1721,0.0001036384309337729
Feature 1743,0.00010353505534695733
Feature 265,0.00010321041025335074
Feature 52,0.00010292706731813369
Feature 24,0.00010285796338474417
Feature 1282,0.00010284327231220258
Feature 1707,0.00010233945269776528
Feature 1763,0.00010189753003643712
Feature 1153,0.00010189637416022429
Feature 334,0.00010180695739153143
Feature 599,0.00010148603471254177
Feature 1580,0.00010048278231123786
Feature 101,0.00010021688593449917
Feature 1711,0.0001000053351840294
Feature 966,9.988186426814878e-05
Feature 1450,9.962637892155167e-05
Feature 860,9.96225919310396e-05
Feature 880,9.946216295928554e-05
Feature 72,9.921728439361197e-05
Feature 362,9.914312366262986e-05
Feature 1307,9.910561860022067e-05
Feature 683,9.87549140069993e-05
Feature 1194,9.854233611500529e-05
Feature 938,9.851700290415635e-05
Feature 529,9.840700985984224e-05
Feature 1997,9.835993055305284e-05
Feature 889,9.834345264261129e-05
Feature 1960,9.787366211486627e-05
Feature 712,9.779484358324397e-05
Feature 1041,9.70074684334786e-05
Feature 973,9.698086096987982e-05
Feature 1251,9.67379028170548e-05
Feature 318,9.673574197034702e-05
Feature 273,9.657813503206151e-05
Feature 85,9.60047969839921e-05
Feature 91,9.582008005865877e-05
Feature 449,9.580939378568916e-05
Feature 1871,9.552471536019026e-05
Feature 372,9.52998588303835e-05
Feature 662,9.523138426143686e-05
Feature 32,9.494890329763096e-05
Feature 1265,9.49275196522011e-05
Feature 61,9.466158144204588e-05
Feature 1947,9.434251485408782e-05
Feature 1151,9.359868233634221e-05
Feature 250,9.332800078738098e-05
Feature 150,9.293772871636875e-05
Feature 303,9.283368281231118e-05
Feature 1847,9.262224302449932e-05
Feature 373,9.26197415098683e-05
Feature 686,9.240549499902321e-05
Feature 813,9.17648975877881e-05
Feature 476,9.174746602623622e-05
Feature 139,9.172585519514274e-05
Feature 1942,9.163682847866023e-05
Feature 1233,9.145098894793706e-05
Feature 1499,9.12794172880365e-05
Feature 1318,9.114294335340062e-05
Feature 818,9.092195823297057e-05
Feature 226,9.05254795064835e-05
Feature 1253,9.051220804285697e-05
Feature 33,9.044132479420783e-05
Feature 763,9.038962817860731e-05
Feature 1351,9.001953142548056e-05
Feature 23,8.988478760837008e-05
Feature 1687,8.984049612404421e-05
Feature 1298,8.957370143993475e-05
Feature 1211,8.953598795087796e-05
Feature 963,8.948596694481536e-05
Feature 1773,8.864256412006271e-05
Feature 376,8.8316640792695e-05
Feature 1016,8.738708741144231e-05
Feature 976,8.73829222733206e-05
Feature 1007,8.733263508239962e-05
Feature 1121,8.695299595998391e-05
Feature 1807,8.686762993470833e-05
Feature 79,8.682611989419368e-05
Feature 842,8.641568087455004e-05
Feature 640,8.626749923484051e-05
Feature 516,8.619744956005669e-05
Feature 1625,8.616149717367425e-05
Feature 1398,8.589338672063755e-05
Feature 1812,8.582218019792079e-05
Feature 668,8.560445272706791e-05
Feature 1306,8.521557177999496e-05
Feature 1247,8.489083069972893e-05
Feature 1444,8.478491909639724e-05
Feature 298,8.47246206741969e-05
Feature 21,8.45075046267685e-05
Feature 1227,8.441923264569044e-05
Feature 282,8.432013919168981e-05
Feature 118,8.401792012876358e-05
Feature 1200,8.393072442592881e-05
Feature 852,8.378464241290501e-05
Feature 1813,8.369491294212072e-05
Feature 1829,8.315013601672916e-05
Feature 1281,8.310854584853929e-05
Feature 776,8.304253967121183e-05
Feature 1511,8.281346997190975e-05
Feature 628,8.25166142409719e-05
Feature 1931,8.250668613473784e-05
Feature 317,8.246051293023585e-05
Feature 873,8.235434832576155e-05
Feature 761,8.23536924510873e-05
Feature 1010,8.183214842936002e-05
Feature 1425,8.174937795964263e-05
Feature 1509,8.153103452785786e-05
Feature 1753,8.120068700388661e-05
Feature 1537,8.11326772597831e-05
Feature 622,8.099064630798837e-05
Feature 611,8.097761778414508e-05
Feature 1650,8.069309758695395e-05
Feature 645,8.047903708928072e-05
Feature 1092,8.025677670580853e-05
Feature 1315,8.01171787471898e-05
Feature 1979,8.004850471686531e-05
Feature 2022,7.936518133604302e-05
Feature 1837,7.93038055154427e-05
Feature 1835,7.899009249757609e-05
Feature 1342,7.882013112025163e-05
Feature 1561,7.872738529413006e-05
Feature 514,7.850446606897735e-05
Feature 360,7.84674782027586e-05
Feature 637,7.842609347793248e-05
Feature 435,7.837524133993567e-05
Feature 740,7.827028085975397e-05
Feature 1913,7.815339283301206e-05
Feature 920,7.766103050845437e-05
Feature 1576,7.75519812331345e-05
Feature 1672,7.745347811379234e-05
Feature 462,7.702830433614404e-05
Feature 1664,7.702008686443806e-05
Feature 1714,7.692551521453904e-05
Feature 972,7.678211760537631e-05
Feature 234,7.667257805353074e-05
Feature 1273,7.605461477381055e-05
Feature 1165,7.595916636030893e-05
Feature 1794,7.544605979592174e-05
Feature 494,7.541929984455369e-05
Feature 870,7.528651206311412e-05
Feature 791,7.524554803360317e-05
Feature 1815,7.520970503655253e-05
Feature 2015,7.503306450535884e-05
Feature 299,7.49127900965448e-05
Feature 1352,7.478662039651262e-05
Feature 2016,7.447492421774512e-05
Feature 1317,7.43920795867773e-05
Feature 275,7.424407483465025e-05
Feature 1327,7.416846997699913e-05
Feature 214,7.416698746957633e-05
Feature 391,7.411653767675436e-05
Feature 681,7.382256450323185e-05
Feature 1517,7.355164807683258e-05
Feature 731,7.336526046722369e-05
Feature 221,7.324256910168684e-05
Feature 748,7.319634648967518e-05
Feature 1337,7.317731810432815e-05
Feature 1432,7.309952750179131e-05
Feature 417,7.299804027766263e-05
Feature 1321,7.299679474138336e-05
Feature 1207,7.258574541898965e-05
Feature 99,7.237045192741721e-05
Feature 1374,7.216979216510594e-05
Feature 906,7.186898188090098e-05
Feature 1091,7.108860867404761e-05
Feature 86,7.10341915631729e-05
Feature 869,7.082358677989592e-05
Feature 320,7.048242547329583e-05
Feature 672,7.036697136250291e-05
Feature 1322,7.035676074568458e-05
Feature 398,7.018843030185038e-05
Feature 1144,7.01732806321168e-05
Feature 49,7.003313346607242e-05
Feature 1512,7.001139129035627e-05
Feature 632,6.990111640499398e-05
Feature 581,6.981353792507568e-05
Feature 286,6.976076804268802e-05
Feature 1769,6.959137436079733e-05
Feature 705,6.926315391720852e-05
Feature 393,6.919598425263604e-05
Feature 823,6.885289908928151e-05
Feature 432,6.871081489614e-05
Feature 1680,6.865430642197189e-05
Feature 1172,6.86064177550592e-05
Feature 655,6.858384540444028e-05
Feature 829,6.853588959815254e-05
Feature 1093,6.853439465312445e-05
Feature 330,6.84087726520823e-05
Feature 815,6.812873635095267e-05
Feature 723,6.805644088149719e-05
Feature 515,6.77133965269748e-05
Feature 280,6.76735701111317e-05
Feature 805,6.762855852781454e-05
Feature 1461,6.747295046134542e-05
Feature 543,6.746244633832397e-05
Feature 899,6.734068156531977e-05
Feature 1994,6.727869138889011e-05
Feature 1621,6.726767890282612e-05
Feature 1393,6.695974119273473e-05
Feature 38,6.680223863608132e-05
Feature 641,6.656504306678959e-05
Feature 443,6.63786417827121e-05
Feature 886,6.629991240750225e-05
Feature 979,6.623949924822249e-05
Feature 75,6.620820850692254e-05
Feature 1107,6.613277620760329e-05
Feature 1167,6.597923199116509e-05
Feature 1938,6.566150924791435e-05
Feature 1532,6.555274977033485e-05
Feature 793,6.545306149347283e-05
Feature 348,6.544417411011846e-05
Feature 756,6.479953898363183e-05
Feature 742,6.476807340558665e-05
Feature 397,6.451307733323434e-05
Feature 542,6.449650486136109e-05
Feature 1505,6.443279717253867e-05
Feature 520,6.432218294357694e-05
Feature 1682,6.392924730171989e-05
Feature 253,6.380715785885986e-05
Feature 493,6.378300146713193e-05
Feature 583,6.366226093012991e-05
Feature 1894,6.305922785112585e-05
Feature 902,6.285267926748955e-05
Feature 1259,6.27852698458496e-05
Feature 71,6.258614470266016e-05
Feature 1494,6.255929901103735e-05
Feature 1593,6.252656585137145e-05
Feature 1853,6.237213590176475e-05
Feature 1100,6.231589115585612e-05
Feature 2012,6.227567912199038e-05
Feature 1584,6.225175303921325e-05
Feature 1263,6.221777443788022e-05
Feature 1276,6.210285725337313e-05
Feature 1411,6.186200461327028e-05
Feature 1156,6.158030028873144e-05
Feature 406,6.156285542741817e-05
Feature 183,6.13986820011547e-05
Feature 1748,6.12694121769482e-05
Feature 1983,6.106203550938591e-05
Feature 284,6.104897410991957e-05
Feature 1571,6.091401884103933e-05
Feature 605,6.086471846985686e-05
Feature 308,6.085005126821869e-05
Feature 1083,6.08271455733332e-05
Feature 434,6.061864333184275e-05
Feature 1137,6.0446805637364773e-05
Feature 904,6.0412681188372883e-05
Feature 1898,6.019848951278465e-05
Feature 1676,5.989200239758607e-05
Feature 1286,5.965492718974225e-05
Feature 1883,5.962698390237323e-05
Feature 1976,5.928752404835221e-05
Feature 868,5.9056909421304456e-05
Feature 1212,5.884143480001997e-05
Feature 764,5.879301709040611e-05
Feature 608,5.878827549906745e-05
Feature 1492,5.86658662931868e-05
Feature 22,5.8637246391187565e-05
Feature 258,5.860919285351661e-05
Feature 814,5.8607368521490806e-05
Feature 1448,5.8512854587843665e-05
Feature 755,5.8476356184519495e-05
Feature 1129,5.841101579593687e-05
Feature 618,5.837777611018256e-05
Feature 1642,5.8373742143119154e-05
Feature 1715,5.808379954553348e-05
Feature 1390,5.7906280115822225e-05
Feature 956,5.789225547950995e-05
Feature 445,5.788002742999459e-05
Feature 659,5.768074189959823e-05
Feature 1906,5.75045826788874e-05
Feature 1865,5.749836358305106e-05
Feature 572,5.7293745776049506e-05
Feature 19,5.724997627079998e-05
Feature 439,5.724264661501885e-05
Feature 144,5.706920229489499e-05
Feature 536,5.7054916580797704e-05
Feature 1170,5.704453085689754e-05
Feature 480,5.68005453462444e-05
Feature 1704,5.653826266111618e-05
Feature 1489,5.634134505220509e-05
Feature 220,5.633328784606774e-05
Feature 217,5.625861651397615e-05
Feature 169,5.5995338388705425e-05
Feature 1244,5.597994499493685e-05
Feature 988,5.591693312081966e-05
Feature 975,5.5878766157443026e-05
Feature 1802,5.58227496947391e-05
Feature 989,5.581228589798858e-05
Feature 112,5.5770471135531057e-05
Feature 643,5.570604495159796e-05
Feature 1272,5.5673412563013273e-05
Feature 1689,5.5618330838745094e-05
Feature 47,5.553034678713893e-05
Feature 1907,5.5480367638255224e-05
Feature 1944,5.540700832657075e-05
Feature 737,5.537071448816575e-05
Feature 332,5.5151710883477844e-05
Feature 545,5.4552767189165964e-05
Feature 1388,5.449438734829978e-05
Feature 1834,5.4489249939312444e-05
Feature 648,5.439634742316554e-05
Feature 316,5.43774341690299e-05
Feature 952,5.419327801452464e-05
Feature 212,5.406102127691443e-05
Feature 1491,5.3995737145277884e-05
Feature 1396,5.3810958495210036e-05
Feature 1098,5.364148305882511e-05
Feature 615,5.350246504804868e-05
Feature 454,5.346914011685253e-05
Feature 1258,5.335951722801831e-05
Feature 1675,5.331536459724725e-05
Feature 1202,5.295435970751383e-05
Feature 1782,5.270347457021734e-05
Feature 1717,5.2533116019211646e-05
Feature 487,5.2330101374514295e-05
Feature 269,5.2106346072375054e-05
Feature 353,5.201817052664719e-05
Feature 199,5.1709717184105644e-05
Feature 1188,5.163187217323876e-05
Feature 1241,5.1431780549863584e-05
Feature 840,5.138381878736479e-05
Feature 907,5.1264257123180734e-05
Feature 1729,5.1064310637353044e-05
Feature 1635,5.068841942114842e-05
Feature 1638,5.0506995062082124e-05
Feature 195,5.042082498263944e-05
Feature 469,5.0167386474840916e-05
Feature 1962,5.003806384084382e-05
Feature 571,5.0035084014521486e-05
Feature 957,4.9996717304769246e-05
Feature 1111,4.995292606458045e-05
Feature 6,4.99265782204805e-05
Feature 797,4.985902093024993e-05
Feature 1848,4.9756294623298004e-05
Feature 1119,4.970312597538469e-05
Feature 2039,4.962811535433896e-05
Feature 820,4.955938494500726e-05
Feature 513,4.927643972684689e-05
Feature 1818,4.8836921849771544e-05
Feature 765,4.872750533115464e-05
Feature 905,4.849646518489902e-05
Feature 1000,4.843571082255651e-05
Feature 1861,4.8341017988823196e-05
Feature 1081,4.8309398322196286e-05
Feature 2003,4.827380404345225e-05
Feature 1639,4.8214437674376006e-05
Feature 1335,4.81120222745299e-05
Feature 1652,4.7946340033063465e-05
Feature 1231,4.778551777470695e-05
Feature 706,4.776483026072346e-05
Feature 1751,4.7565162572341774e-05
Feature 266,4.7382907346679414e-05
Feature 1102,4.720683460784818e-05
Feature 238,4.717289813851847e-05
Feature 2037,4.716451441566967e-05
Feature 1618,4.703038365284603e-05
Feature 141,4.692878596488528e-05
Feature 649,4.68225835663618e-05
Feature 247,4.672849379573154e-05
Feature 37,4.66180744802112e-05
Feature 639,4.6557774128699154e-05
Feature 304,4.614369083264535e-05
Feature 356,4.612984234420615e-05
Feature 717,4.6077894643577515e-05
Feature 1662,4.586645099217005e-05
Feature 1658,4.586053654755801e-05
Feature 1826,4.5836422330217184e-05
Feature 436,4.582024540930082e-05
Feature 1038,4.508819470530227e-05
Feature 732,4.5074587958679094e-05
Feature 223,4.475269962452269e-05
Feature 1219,4.458186039931752e-05
Feature 995,4.4506979535084836e-05
Feature 897,4.420699518267723e-05
Feature 1433,4.4201275681659656e-05
Feature 1528,4.3981306636830576e-05
Feature 196,4.387795033449847e-05
Feature 48,4.3807001813953585e-05
Feature 1293,4.370577459053173e-05
Feature 28,4.3154583756935274e-05
Feature 939,4.301818200428038e-05
Feature 149,4.288262943763366e-05
Feature 928,4.283661888148572e-05
Feature 1562,4.2813083475186756e-05
Feature 1850,4.2643252313203e-05
Feature 1841,4.257742706821576e-05
Feature 994,4.2374620904087535e-05
Feature 998,4.2104497949546656e-05
Feature 313,4.193148983187907e-05
Feature 1364,4.18912198095262e-05
Feature 181,4.182323088275529e-05
Feature 1654,4.181088773257733e-05
Feature 827,4.177263798438164e-05
Feature 1843,4.176885013255359e-05
Feature 1020,4.1764385900359263e-05
Feature 1332,4.1694711368991976e-05
Feature 1874,4.1665806069985026e-05
Feature 1685,4.136047404303383e-05
Feature 96,4.134842136374476e-05
Feature 166,4.117260022377612e-05
Feature 525,4.0976715443765085e-05
Feature 1127,4.0333140234221664e-05
Feature 1062,4.016912055128008e-05
Feature 340,3.9935048803876016e-05
Feature 1885,3.9932789431758295e-05
Feature 874,3.9531654788130995e-05
Feature 210,3.9439309957039215e-05
Feature 1886,3.93482514218267e-05
Feature 1846,3.924174882698287e-05
Feature 824,3.9143317178725316e-05
Feature 431,3.902389322138555e-05
Feature 50,3.8727591318027716e-05
Feature 382,3.871644416682771e-05
Feature 1378,3.86041926202027e-05
Feature 1237,3.851939632908712e-05
Feature 1046,3.839821985882906e-05
Feature 669,3.839735251976161e-05
Feature 877,3.839006809606639e-05
Feature 1615,3.8248745449448626e-05
Feature 936,3.8199522262832486e-05
Feature 416,3.816894859830456e-05
Feature 1613,3.807621064961217e-05
Feature 396,3.798994854180562e-05
Feature 190,3.788818624307425e-05
Feature 1084,3.7862098083602e-05
Feature 1798,3.769725398372669e-05
Feature 1319,3.765146174186867e-05
Feature 534,3.7526382645742084e-05
Feature 1116,3.745188893785712e-05
Feature 1901,3.745091784062908e-05
Feature 783,3.744940885230314e-05
Feature 1334,3.74440431694294e-05
Feature 232,3.7326586033351676e-05
Feature 593,3.732469220304855e-05
Feature 1924,3.732228916479337e-05
Feature 1759,3.7184062788749645e-05
Feature 568,3.697178078942891e-05
Feature 1067,3.680809690962927e-05
Feature 1786,3.6741032916109304e-05
Feature 1372,3.6701675520715835e-05
Feature 551,3.639742916691724e-05
Feature 633,3.6206495629534584e-05
Feature 508,3.6154455300855957e-05
Feature 336,3.6053172716657906e-05
Feature 1986,3.593369343212724e-05
Feature 924,3.560590398214654e-05
Feature 1456,3.538099012117086e-05
Feature 105,3.535878055386669e-05
Feature 1688,3.5299420419552045e-05
Feature 821,3.5156681340032415e-05
Feature 733,3.461711505785015e-05
Feature 421,3.450035922371683e-05
Feature 919,3.4357631502155246e-05
Feature 948,3.416717964815288e-05
Feature 1214,3.4042137820031365e-05
Feature 292,3.3965055476513395e-05
Feature 921,3.386073262943748e-05
Feature 863,3.3519341179884273e-05
Feature 775,3.348033615731628e-05
Feature 651,3.3401432501226653e-05
Feature 1464,3.334317699860776e-05
Feature 358,3.3302173800458496e-05
Feature 484,3.3180454335030803e-05
Feature 1012,3.3127140032821964e-05
Feature 1230,3.308665896725679e-05
Feature 1216,3.305447830915238e-05
Feature 1806,3.29818713688425e-05
Feature 914,3.2956914009133e-05
Feature 596,3.2923236658074596e-05
Feature 1283,3.2900122563264876e-05
Feature 1486,3.263995955339663e-05
Feature 1496,3.244095214243486e-05
Feature 1359,3.238746293364964e-05
Feature 1289,3.2277251366083916e-05
Feature 698,3.222199651495188e-05
Feature 853,3.183697499795708e-05
Feature 1641,3.178247744704476e-05
Feature 1531,3.169223663540487e-05
Feature 900,3.143751518061723e-05
Feature 2040,3.128306281256901e-05
Feature 246,3.1281374058309976e-05
Feature 1161,3.125442863479876e-05
Feature 243,3.125028202356787e-05
Feature 1343,3.102969481306808e-05
Feature 566,3.069868584794627e-05
Feature 2006,3.0308407553582793e-05
Feature 1193,3.0288532177475687e-05
Feature 1376,2.9829602182881358e-05
Feature 35,2.9744426826768362e-05
Feature 582,2.9664747862662087e-05
Feature 1213,2.9575934259104667e-05
Feature 1882,2.952807679667891e-05
Feature 128,2.9453322631465978e-05
Feature 1304,2.9203440582309078e-05
Feature 746,2.9076536703413124e-05
Feature 1966,2.872050463995043e-05
Feature 1869,2.8664445814439437e-05
Feature 178,2.8444379262309144e-05
Feature 1822,2.8423578487733667e-05
Feature 1616,2.8203293591373537e-05
Feature 691,2.8187714251829037e-05
Feature 124,2.7767707220375707e-05
Feature 958,2.7677484497111656e-05
Feature 1414,2.754887151433929e-05
Feature 1921,2.7013070632889224e-05
Feature 1622,2.6928843871274857e-05
Feature 279,2.659511826071589e-05
Feature 1408,2.6479618500762194e-05
Feature 111,2.6243933938883152e-05
Feature 422,2.622346098547338e-05
Feature 968,2.6209035429352563e-05
Feature 830,2.529240339214591e-05
Feature 727,2.5261626585268267e-05
Feature 1909,2.524136460651757e-05
Feature 1916,2.493614997188037e-05
Feature 53,2.4802429535821097e-05
Feature 509,2.4648380770356338e-05
Feature 483,2.4598128847839472e-05
Feature 1383,2.459634936199157e-05
Feature 553,2.451695102917693e-05
Feature 187,2.4452112525526683e-05
Feature 505,2.4329685714506725e-05
Feature 1821,2.422413514597123e-05
Feature 1643,2.411314653117725e-05
Feature 657,2.397512440236345e-05
Feature 1428,2.39392857448046e-05
Feature 1074,2.3529453931243906e-05
Feature 1500,2.3320621736920537e-05
Feature 1987,2.3147677456962155e-05
Feature 1438,2.3115104799232438e-05
Feature 1037,2.2835422014569135e-05
Feature 386,2.283002479477384e-05
Feature 1460,2.281339098483622e-05
Feature 1827,2.2193489199934036e-05
Feature 1579,2.2152475415452927e-05
Feature 290,2.2031052553437682e-05
Feature 415,2.2007003722220717e-05
Feature 104,2.17028624016695e-05
Feature 2002,2.165938797602968e-05
Feature 1902,2.1513884908319678e-05
Feature 36,2.149717466498008e-05
Feature 1539,2.140737225655629e-05
Feature 1180,2.1319300322111333e-05
Feature 941,2.1254522805595355e-05
Feature 1558,2.115909257851461e-05
Feature 1533,2.1008870791464736e-05
Feature 1122,2.09148198814665e-05
Feature 1900,2.0876390683193517e-05
Feature 846,2.0833993765429503e-05
Feature 1330,2.0732313301761146e-05
Feature 73,2.0610843586431677e-05
Feature 349,2.048558020943026e-05
Feature 1702,2.048078434419342e-05
Feature 450,2.0468062050196132e-05
Feature 495,2.0429239213388807e-05
Feature 1549,2.032259566274333e-05
Feature 916,1.995433465380273e-05
Feature 1392,1.9836647032197915e-05
Feature 951,1.973373183888808e-05
Feature 370,1.9650793635549236e-05
Feature 1889,1.929003570727833e-05
Feature 1278,1.927908244522554e-05
Feature 1198,1.919497308388973e-05
Feature 156,1.916665947368759e-05
Feature 15,1.8990504298724697e-05
Feature 1760,1.8761467232581362e-05
Feature 986,1.873644885891532e-05
Feature 1703,1.8728027436142274e-05
Feature 285,1.871964282722207e-05
Feature 1350,1.8379536840101227e-05
Feature 176,1.8042184222970782e-05
Feature 982,1.796548654276165e-05
Feature 367,1.777451627502857e-05
Feature 136,1.7381595504225174e-05
Feature 321,1.7242694538811238e-05
Feature 1725,1.6776143997438085e-05
Feature 1684,1.668532169503205e-05
Feature 1710,1.6232789714369558e-05
Feature 1124,1.6158373045085545e-05
Feature 696,1.578562399282727e-05
Feature 519,1.5716433849139438e-05
Feature 1431,1.4931836830919282e-05
Feature 1933,1.4701580190842266e-05
Feature 2019,1.4539931138968526e-05
Feature 1943,1.4517911373071915e-05
Feature 1787,1.4271770555878473e-05
Feature 616,1.4259023093178908e-05
Feature 563,1.421040138681751e-05
Feature 2031,1.3997955327268393e-05
Feature 390,1.3944105215519727e-05
Feature 64,1.3914055084929994e-05
Feature 402,1.3705023158952183e-05
Feature 375,1.3688886923159485e-05
Feature 1881,1.3680301891718578e-05
Feature 403,1.3565244757943556e-05
Feature 871,1.3509166645712845e-05
Feature 1868,1.329887169368311e-05
Feature 256,1.3052363228124117e-05
Feature 1772,1.2993703347332449e-05
Feature 1740,1.295071219289389e-05
Feature 1246,1.2923053488266447e-05
Feature 709,1.2790743131054202e-05
Feature 1728,1.2411115910166221e-05
Feature 779,1.2376985823237699e-05
Feature 2013,1.1926894291082818e-05
Feature 1174,1.1895004997330238e-05
Feature 1473,1.1826292884292108e-05
Feature 1556,1.1738781601325667e-05
Feature 346,1.163800058489959e-05
Feature 1090,1.1542642285829998e-05
Feature 1054,1.0982052310670861e-05
Feature 1029,1.0820557946585638e-05
Feature 1699,1.0738494492205109e-05
Feature 1666,1.0426335299127896e-05
Feature 1705,1.0314209013749982e-05
Feature 444,1.0241808225468352e-05
Feature 1767,1.0204886065228118e-05
Feature 477,9.895767234342882e-06
Feature 923,9.866512533856109e-06
Feature 810,9.77799877102512e-06
Feature 1078,9.422952869875532e-06
Feature 1614,9.416454217735787e-06
Feature 1873,9.387945720873634e-06
Feature 355,9.376124673043451e-06
Feature 1052,9.246513169109385e-06
Feature 1895,9.202226974254097e-06
Feature 1893,9.142468627105701e-06
Feature 1354,8.60099541173589e-06
Feature 89,8.48581957560869e-06
Feature 359,8.480139679629176e-06
Feature 1371,8.435452791733222e-06
Feature 1234,8.421542418990823e-06
Feature 1380,8.338037175482679e-06
Feature 929,8.312861882670815e-06
Feature 1115,8.149969769052528e-06
Feature 1534,8.010908395752899e-06
Feature 451,7.705251266022218e-06
Feature 93,7.377863647287841e-06
Feature 1870,7.3242745024118015e-06
Feature 1229,7.224251710190217e-06
Feature 188,6.919746902766512e-06
Feature 0,6.856352264506613e-06
Feature 722,6.76572772718009e-06
Feature 1206,6.731735099763324e-06
Feature 627,6.693388449886099e-06
Feature 244,6.306537606825067e-06
Feature 1059,6.1906819980454865e-06
Feature 1042,5.853815230791331e-06
Feature 264,5.665798535574459e-06
Feature 1525,5.388976075694636e-06
Feature 970,5.342265511861878e-06
Feature 44,5.339684807552791e-06
Feature 2035,5.146450447686721e-06
Feature 1875,4.590289889635294e-06
Feature 1830,4.583459861099951e-06
Feature 538,4.5723084746559214e-06
Feature 1709,4.5523411313611815e-06
Feature 424,2.9752288012769845e-06
Feature 1424,2.806350944755422e-06
Feature 1551,2.787125407009211e-06
Feature 663,2.6642238384852327e-06
Feature 7,2.598292825296201e-06
Feature 851,2.0104603293145114e-06
Feature 1941,1.945672016120391e-06
Feature 1269,1.926990461755824e-06
Feature 1358,1.2723545455763518e-06
Feature 1254,1.0035741632620476e-06
Feature 630,3.7106853645534377e-07
Feature 1720,3.2380629856963697e-07
Feature 856,7.697815766204351e-08
Feature 1545,4.660464408794633e-08
Feature 1345,3.642646894422821e-08
Feature 1566,3.1051893968207675e-08
Feature 604,1.885099350507365e-08
Feature 1732,6.5722040887844464e-09
Feature 867,0.0
Feature 2011,0.0
Feature 1555,0.0
Feature 1072,0.0
Feature 1925,0.0
Feature 1541,0.0
Feature 185,0.0
Feature 1311,0.0
Feature 1023,0.0
Feature 1591,0.0
Feature 578,0.0
Feature 274,0.0
Feature 1836,0.0
Feature 1223,0.0
Feature 17,0.0
Feature 1789,0.0
Feature 1749,0.0
Feature 1628,0.0
Feature 1117,0.0
